,Month,Year,community_board_full,DHS
0,1,2010,101,1
1,1,2010,104,2
2,1,2010,105,1
3,1,2010,106,1
4,1,2010,107,1
5,1,2010,108,1
6,1,2010,109,5
7,1,2010,110,16
8,1,2010,111,11
9,1,2010,112,13
10,1,2010,201,66
11,1,2010,202,89
12,1,2010,203,71
13,1,2010,204,105
14,1,2010,205,111
15,1,2010,206,97
16,1,2010,207,77
17,1,2010,208,10
18,1,2010,209,139
19,1,2010,210,39
20,1,2010,211,70
21,1,2010,212,223
22,1,2010,301,1
23,1,2010,302,5
24,1,2010,303,200
25,1,2010,304,66
26,1,2010,305,233
27,1,2010,306,3
28,1,2010,307,2
29,1,2010,308,79
30,1,2010,309,25
31,1,2010,310,3
32,1,2010,311,7
33,1,2010,312,3
34,1,2010,313,13
35,1,2010,314,20
36,1,2010,316,132
37,1,2010,317,150
38,1,2010,318,48
39,1,2010,401,1
40,1,2010,402,1
41,1,2010,403,7
42,1,2010,404,6
43,1,2010,405,17
44,1,2010,406,2
45,1,2010,407,2
46,1,2010,408,2
47,1,2010,409,55
48,1,2010,410,45
49,1,2010,411,1
50,1,2010,412,221
51,1,2010,413,56
52,1,2010,414,152
53,1,2011,101,1
54,1,2011,103,1
55,1,2011,105,2
56,1,2011,108,1
57,1,2011,109,9
58,1,2011,110,21
59,1,2011,111,11
60,1,2011,112,22
61,1,2011,201,79
62,1,2011,202,81
63,1,2011,203,76
64,1,2011,204,107
65,1,2011,205,138
66,1,2011,206,105
67,1,2011,207,71
68,1,2011,208,10
69,1,2011,209,115
70,1,2011,210,25
71,1,2011,211,59
72,1,2011,212,215
73,1,2011,301,5
74,1,2011,302,6
75,1,2011,303,180
76,1,2011,304,60
77,1,2011,305,235
78,1,2011,306,3
79,1,2011,307,6
80,1,2011,308,68
81,1,2011,309,19
82,1,2011,310,3
83,1,2011,311,6
84,1,2011,312,3
85,1,2011,313,29
86,1,2011,314,44
87,1,2011,315,5
88,1,2011,316,128
89,1,2011,317,151
90,1,2011,318,39
91,1,2011,401,7
92,1,2011,403,14
93,1,2011,404,2
94,1,2011,405,32
95,1,2011,406,3
96,1,2011,407,6
97,1,2011,408,2
98,1,2011,409,64
99,1,2011,410,35
100,1,2011,412,200
101,1,2011,413,64
102,1,2011,414,128
103,1,2012,104,1
104,1,2012,105,4
105,1,2012,107,2
106,1,2012,109,1
107,1,2012,110,14
108,1,2012,111,15
109,1,2012,112,7
110,1,2012,201,28
111,1,2012,202,39
112,1,2012,203,36
113,1,2012,204,34
114,1,2012,205,62
115,1,2012,206,53
116,1,2012,207,40
117,1,2012,208,5
118,1,2012,209,73
119,1,2012,210,14
120,1,2012,211,45
121,1,2012,212,141
122,1,2012,301,2
123,1,2012,302,5
124,1,2012,303,118
125,1,2012,304,43
126,1,2012,305,149
127,1,2012,306,3
128,1,2012,307,10
129,1,2012,308,47
130,1,2012,309,11
131,1,2012,310,1
132,1,2012,312,3
133,1,2012,313,17
134,1,2012,314,9
135,1,2012,315,3
136,1,2012,316,71
137,1,2012,317,64
138,1,2012,318,28
139,1,2012,401,4
140,1,2012,403,4
141,1,2012,404,4
142,1,2012,405,16
143,1,2012,407,4
144,1,2012,408,4
145,1,2012,409,42
146,1,2012,410,28
147,1,2012,412,125
148,1,2012,413,31
149,1,2012,414,61
150,1,2013,110,2
151,1,2013,203,1
152,1,2013,207,1
153,1,2013,209,1
154,1,2013,210,1
155,1,2013,212,1
156,1,2013,304,2
157,1,2013,305,5
158,1,2013,308,1
159,1,2013,316,1
160,1,2013,318,1
161,1,2013,403,1
162,1,2013,412,1
163,1,2013,414,1
164,1,2014,101,1
165,1,2014,102,11
166,1,2014,103,7
167,1,2014,104,4
168,1,2014,105,21
169,1,2014,106,4
170,1,2014,107,19
171,1,2014,108,6
172,1,2014,109,9
173,1,2014,110,2
174,1,2014,111,3
175,1,2014,112,2
176,1,2014,201,1
177,1,2014,207,1
178,1,2014,208,1
179,1,2014,209,1
180,1,2014,210,1
181,1,2014,211,1
182,1,2014,212,3
183,1,2014,227,1
184,1,2014,302,2
185,1,2014,306,4
186,1,2014,308,4
187,1,2014,309,1
188,1,2014,313,2
189,1,2014,318,1
190,1,2014,401,3
191,1,2014,402,1
192,1,2014,403,1
193,1,2014,404,1
194,1,2014,405,2
195,1,2014,406,3
196,1,2014,407,2
197,1,2014,409,1
198,1,2014,412,1
199,1,2014,414,1
200,1,2015,101,14
201,1,2015,102,20
202,1,2015,103,10
203,1,2015,104,19
204,1,2015,105,34
205,1,2015,106,16
206,1,2015,107,9
207,1,2015,108,11
208,1,2015,109,8
209,1,2015,110,3
210,1,2015,111,4
211,1,2015,112,5
212,1,2015,201,5
213,1,2015,203,2
214,1,2015,205,2
215,1,2015,206,1
216,1,2015,207,1
217,1,2015,208,1
218,1,2015,211,1
219,1,2015,212,1
220,1,2015,301,3
221,1,2015,302,12
222,1,2015,303,2
223,1,2015,304,1
224,1,2015,305,3
225,1,2015,306,4
226,1,2015,307,2
227,1,2015,308,1
228,1,2015,310,5
229,1,2015,311,1
230,1,2015,313,1
231,1,2015,314,3
232,1,2015,315,1
233,1,2015,401,2
234,1,2015,403,7
235,1,2015,406,3
236,1,2015,407,1
237,1,2015,412,1
238,1,2015,414,1
239,1,2016,101,111
240,1,2016,102,96
241,1,2016,103,72
242,1,2016,104,122
243,1,2016,105,324
244,1,2016,106,66
245,1,2016,107,69
246,1,2016,108,53
247,1,2016,109,24
248,1,2016,110,31
249,1,2016,111,60
250,1,2016,112,6
251,1,2016,201,4
252,1,2016,204,1
253,1,2016,205,2
254,1,2016,206,3
255,1,2016,207,3
256,1,2016,208,3
257,1,2016,210,1
258,1,2016,211,3
259,1,2016,301,19
260,1,2016,302,13
261,1,2016,303,4
262,1,2016,304,4
263,1,2016,305,4
264,1,2016,306,10
265,1,2016,307,23
266,1,2016,308,2
267,1,2016,309,3
268,1,2016,310,7
269,1,2016,311,1
270,1,2016,312,3
271,1,2016,313,1
272,1,2016,314,11
273,1,2016,315,6
274,1,2016,317,1
275,1,2016,318,5
276,1,2016,401,9
277,1,2016,402,4
278,1,2016,403,2
279,1,2016,404,16
280,1,2016,405,4
281,1,2016,406,3
282,1,2016,407,5
283,1,2016,408,4
284,1,2016,409,2
285,1,2016,410,3
286,1,2016,412,5
287,1,2016,414,2
288,1,2018,110,1
289,2,2010,103,2
290,2,2010,107,2
291,2,2010,109,2
292,2,2010,110,22
293,2,2010,111,6
294,2,2010,112,10
295,2,2010,201,68
296,2,2010,202,78
297,2,2010,203,83
298,2,2010,204,107
299,2,2010,205,116
300,2,2010,206,96
301,2,2010,207,71
302,2,2010,208,7
303,2,2010,209,126
304,2,2010,210,17
305,2,2010,211,91
306,2,2010,212,242
307,2,2010,301,3
308,2,2010,302,2
309,2,2010,303,197
310,2,2010,304,62
311,2,2010,305,249
312,2,2010,306,5
313,2,2010,307,3
314,2,2010,308,78
315,2,2010,309,33
316,2,2010,310,3
317,2,2010,311,5
318,2,2010,312,4
319,2,2010,313,10
320,2,2010,314,24
321,2,2010,315,2
322,2,2010,316,152
323,2,2010,317,139
324,2,2010,318,46
325,2,2010,401,2
326,2,2010,402,4
327,2,2010,403,12
328,2,2010,404,3
329,2,2010,405,17
330,2,2010,406,1
331,2,2010,407,1
332,2,2010,408,3
333,2,2010,409,67
334,2,2010,410,26
335,2,2010,411,2
336,2,2010,412,239
337,2,2010,413,84
338,2,2010,414,134
339,2,2011,104,1
340,2,2011,106,1
341,2,2011,107,4
342,2,2011,108,2
343,2,2011,109,6
344,2,2011,110,21
345,2,2011,111,19
346,2,2011,112,22
347,2,2011,201,59
348,2,2011,202,71
349,2,2011,203,78
350,2,2011,204,125
351,2,2011,205,109
352,2,2011,206,83
353,2,2011,207,65
354,2,2011,208,11
355,2,2011,209,99
356,2,2011,210,24
357,2,2011,211,57
358,2,2011,212,163
359,2,2011,301,4
360,2,2011,302,5
361,2,2011,303,162
362,2,2011,304,79
363,2,2011,305,253
364,2,2011,306,3
365,2,2011,307,5
366,2,2011,308,71
367,2,2011,309,23
368,2,2011,311,10
369,2,2011,312,5
370,2,2011,313,18
371,2,2011,314,43
372,2,2011,315,2
373,2,2011,316,120
374,2,2011,317,108
375,2,2011,318,55
376,2,2011,401,2
377,2,2011,403,7
378,2,2011,404,8
379,2,2011,405,29
380,2,2011,406,3
381,2,2011,407,6
382,2,2011,408,4
383,2,2011,409,56
384,2,2011,410,30
385,2,2011,412,170
386,2,2011,413,49
387,2,2011,414,137
388,2,2011,484,1
389,2,2012,103,1
390,2,2012,105,1
391,2,2012,107,2
392,2,2012,109,2
393,2,2012,110,10
394,2,2012,111,4
395,2,2012,112,8
396,2,2012,201,27
397,2,2012,202,16
398,2,2012,203,43
399,2,2012,204,41
400,2,2012,205,53
401,2,2012,206,29
402,2,2012,207,28
403,2,2012,208,2
404,2,2012,209,49
405,2,2012,210,6
406,2,2012,211,19
407,2,2012,212,72
408,2,2012,301,1
409,2,2012,302,2
410,2,2012,303,62
411,2,2012,304,32
412,2,2012,305,101
413,2,2012,306,1
414,2,2012,307,3
415,2,2012,308,14
416,2,2012,309,14
417,2,2012,310,4
418,2,2012,311,4
419,2,2012,312,3
420,2,2012,313,12
421,2,2012,314,9
422,2,2012,315,1
423,2,2012,316,40
424,2,2012,317,40
425,2,2012,318,20
426,2,2012,401,7
427,2,2012,403,3
428,2,2012,404,2
429,2,2012,405,14
430,2,2012,407,2
431,2,2012,408,4
432,2,2012,409,21
433,2,2012,410,21
434,2,2012,412,71
435,2,2012,413,22
436,2,2012,414,53
437,2,2013,202,1
438,2,2013,207,1
439,2,2013,209,1
440,2,2013,212,1
441,2,2013,303,1
442,2,2013,305,3
443,2,2013,308,1
444,2,2013,316,1
445,2,2013,317,2
446,2,2013,412,3
447,2,2013,414,1
448,2,2014,101,2
449,2,2014,102,4
450,2,2014,103,9
451,2,2014,104,4
452,2,2014,105,9
453,2,2014,106,3
454,2,2014,107,6
455,2,2014,108,4
456,2,2014,109,7
457,2,2014,111,2
458,2,2014,202,2
459,2,2014,207,2
460,2,2014,301,1
461,2,2014,302,2
462,2,2014,304,1
463,2,2014,305,1
464,2,2014,306,6
465,2,2014,307,2
466,2,2014,308,4
467,2,2014,312,1
468,2,2014,313,2
469,2,2014,316,1
470,2,2014,318,1
471,2,2014,401,3
472,2,2014,402,1
473,2,2014,403,1
474,2,2014,406,1
475,2,2014,408,1
476,2,2014,409,1
477,2,2014,410,1
478,2,2014,412,2
479,2,2015,101,9
480,2,2015,102,29
481,2,2015,103,19
482,2,2015,104,13
483,2,2015,105,72
484,2,2015,106,9
485,2,2015,107,7
486,2,2015,108,11
487,2,2015,109,9
488,2,2015,110,1
489,2,2015,111,2
490,2,2015,112,2
491,2,2015,201,1
492,2,2015,205,2
493,2,2015,207,2
494,2,2015,210,1
495,2,2015,211,3
496,2,2015,212,1
497,2,2015,301,6
498,2,2015,302,6
499,2,2015,303,1
500,2,2015,304,1
501,2,2015,306,8
502,2,2015,307,1
503,2,2015,308,1
504,2,2015,309,3
505,2,2015,313,1
506,2,2015,315,1
507,2,2015,401,3
508,2,2015,402,2
509,2,2015,403,1
510,2,2015,404,1
511,2,2015,406,2
512,2,2015,407,1
513,2,2016,101,166
514,2,2016,102,49
515,2,2016,103,25
516,2,2016,104,52
517,2,2016,105,185
518,2,2016,106,41
519,2,2016,107,183
520,2,2016,108,61
521,2,2016,109,15
522,2,2016,110,12
523,2,2016,111,13
524,2,2016,112,9
525,2,2016,164,1
526,2,2016,202,1
527,2,2016,204,2
528,2,2016,205,2
529,2,2016,206,1
530,2,2016,207,1
531,2,2016,208,1
532,2,2016,210,1
533,2,2016,212,1
534,2,2016,226,1
535,2,2016,301,6
536,2,2016,302,9
537,2,2016,303,3
538,2,2016,304,4
539,2,2016,305,2
540,2,2016,306,9
541,2,2016,307,2
542,2,2016,308,2
543,2,2016,309,1
544,2,2016,310,2
545,2,2016,311,1
546,2,2016,312,3
547,2,2016,313,3
548,2,2016,314,2
549,2,2016,315,2
550,2,2016,317,1
551,2,2016,401,4
552,2,2016,402,1
553,2,2016,403,1
554,2,2016,404,7
555,2,2016,405,4
556,2,2016,406,5
557,2,2016,407,4
558,2,2016,408,1
559,2,2016,409,2
560,2,2016,410,3
561,2,2016,411,1
562,2,2016,412,1
563,2,2016,414,2
564,3,2010,101,1
565,3,2010,103,2
566,3,2010,104,1
567,3,2010,105,2
568,3,2010,107,2
569,3,2010,108,1
570,3,2010,109,5
571,3,2010,110,17
572,3,2010,111,8
573,3,2010,112,12
574,3,2010,201,72
575,3,2010,202,103
576,3,2010,203,98
577,3,2010,204,154
578,3,2010,205,122
579,3,2010,206,110
580,3,2010,207,73
581,3,2010,208,12
582,3,2010,209,117
583,3,2010,210,24
584,3,2010,211,79
585,3,2010,212,190
586,3,2010,227,1
587,3,2010,301,2
588,3,2010,302,3
589,3,2010,303,201
590,3,2010,304,75
591,3,2010,305,276
592,3,2010,306,3
593,3,2010,307,12
594,3,2010,308,82
595,3,2010,309,22
596,3,2010,310,4
597,3,2010,311,4
598,3,2010,312,9
599,3,2010,313,13
600,3,2010,314,43
601,3,2010,315,2
602,3,2010,316,150
603,3,2010,317,132
604,3,2010,318,57
605,3,2010,401,3
606,3,2010,403,9
607,3,2010,404,4
608,3,2010,405,22
609,3,2010,406,3
610,3,2010,407,3
611,3,2010,408,2
612,3,2010,409,77
613,3,2010,410,46
614,3,2010,411,5
615,3,2010,412,206
616,3,2010,413,82
617,3,2010,414,144
618,3,2011,101,2
619,3,2011,103,2
620,3,2011,106,1
621,3,2011,107,1
622,3,2011,109,7
623,3,2011,110,29
624,3,2011,111,26
625,3,2011,112,33
626,3,2011,201,93
627,3,2011,202,69
628,3,2011,203,91
629,3,2011,204,123
630,3,2011,205,154
631,3,2011,206,131
632,3,2011,207,65
633,3,2011,208,10
634,3,2011,209,150
635,3,2011,210,40
636,3,2011,211,101
637,3,2011,212,252
638,3,2011,301,4
639,3,2011,302,12
640,3,2011,303,208
641,3,2011,304,92
642,3,2011,305,369
643,3,2011,306,3
644,3,2011,307,9
645,3,2011,308,108
646,3,2011,309,38
647,3,2011,310,1
648,3,2011,311,12
649,3,2011,312,4
650,3,2011,313,20
651,3,2011,314,36
652,3,2011,315,9
653,3,2011,316,153
654,3,2011,317,157
655,3,2011,318,71
656,3,2011,401,6
657,3,2011,402,2
658,3,2011,403,14
659,3,2011,404,9
660,3,2011,405,42
661,3,2011,406,2
662,3,2011,407,6
663,3,2011,408,7
664,3,2011,409,68
665,3,2011,410,46
666,3,2011,412,222
667,3,2011,413,76
668,3,2011,414,128
669,3,2011,484,1
670,3,2012,102,1
671,3,2012,106,1
672,3,2012,110,6
673,3,2012,111,11
674,3,2012,112,4
675,3,2012,201,15
676,3,2012,202,10
677,3,2012,203,14
678,3,2012,204,35
679,3,2012,205,18
680,3,2012,206,19
681,3,2012,207,8
682,3,2012,208,3
683,3,2012,209,14
684,3,2012,210,2
685,3,2012,211,13
686,3,2012,212,41
687,3,2012,302,1
688,3,2012,303,24
689,3,2012,304,13
690,3,2012,305,69
691,3,2012,307,2
692,3,2012,308,13
693,3,2012,309,5
694,3,2012,311,1
695,3,2012,312,3
696,3,2012,313,3
697,3,2012,314,3
698,3,2012,315,2
699,3,2012,316,31
700,3,2012,317,26
701,3,2012,318,7
702,3,2012,404,3
703,3,2012,405,6
704,3,2012,407,1
705,3,2012,408,1
706,3,2012,409,10
707,3,2012,410,5
708,3,2012,412,44
709,3,2012,413,17
710,3,2012,414,27
711,3,2013,202,2
712,3,2013,205,1
713,3,2013,206,2
714,3,2013,209,1
715,3,2013,313,1
716,3,2013,314,1
717,3,2013,317,1
718,3,2013,404,1
719,3,2013,405,1
720,3,2013,412,5
721,3,2013,414,1
722,3,2014,101,3
723,3,2014,102,7
724,3,2014,103,2
725,3,2014,104,4
726,3,2014,105,11
727,3,2014,106,4
728,3,2014,107,4
729,3,2014,108,10
730,3,2014,109,8
731,3,2014,110,1
732,3,2014,111,2
733,3,2014,112,4
734,3,2014,202,2
735,3,2014,207,1
736,3,2014,208,1
737,3,2014,212,2
738,3,2014,301,1
739,3,2014,302,2
740,3,2014,303,2
741,3,2014,305,1
742,3,2014,308,2
743,3,2014,309,1
744,3,2014,310,1
745,3,2014,311,2
746,3,2014,313,5
747,3,2014,316,2
748,3,2014,317,1
749,3,2014,401,1
750,3,2014,408,1
751,3,2014,412,6
752,3,2015,101,7
753,3,2015,102,20
754,3,2015,103,9
755,3,2015,104,16
756,3,2015,105,71
757,3,2015,106,10
758,3,2015,107,17
759,3,2015,108,3
760,3,2015,109,6
761,3,2015,111,12
762,3,2015,201,1
763,3,2015,202,1
764,3,2015,207,1
765,3,2015,208,1
766,3,2015,209,1
767,3,2015,301,4
768,3,2015,302,7
769,3,2015,303,2
770,3,2015,304,1
771,3,2015,305,1
772,3,2015,306,3
773,3,2015,308,2
774,3,2015,311,3
775,3,2015,312,1
776,3,2015,313,4
777,3,2015,314,2
778,3,2015,315,2
779,3,2015,316,2
780,3,2015,317,2
781,3,2015,318,1
782,3,2015,401,4
783,3,2015,402,3
784,3,2015,403,1
785,3,2015,404,1
786,3,2015,406,3
787,3,2015,408,1
788,3,2015,412,2
789,3,2016,101,91
790,3,2016,102,282
791,3,2016,103,220
792,3,2016,104,396
793,3,2016,105,968
794,3,2016,106,167
795,3,2016,107,465
796,3,2016,108,225
797,3,2016,109,91
798,3,2016,110,123
799,3,2016,111,148
800,3,2016,112,19
801,3,2016,164,2
802,3,2016,201,7
803,3,2016,202,3
804,3,2016,203,4
805,3,2016,204,6
806,3,2016,205,2
807,3,2016,206,2
808,3,2016,207,4
809,3,2016,208,1
810,3,2016,209,4
811,3,2016,210,5
812,3,2016,211,6
813,3,2016,212,7
814,3,2016,301,15
815,3,2016,302,28
816,3,2016,303,9
817,3,2016,304,12
818,3,2016,305,6
819,3,2016,306,5
820,3,2016,307,31
821,3,2016,308,6
822,3,2016,309,3
823,3,2016,310,2
824,3,2016,312,6
825,3,2016,313,16
826,3,2016,314,9
827,3,2016,315,3
828,3,2016,316,2
829,3,2016,317,2
830,3,2016,318,4
831,3,2016,401,15
832,3,2016,402,6
833,3,2016,403,1
834,3,2016,404,15
835,3,2016,405,3
836,3,2016,406,6
837,3,2016,407,7
838,3,2016,408,2
839,3,2016,409,3
840,3,2016,410,4
841,3,2016,411,1
842,3,2016,412,6
843,3,2016,413,1
844,3,2016,414,9
845,3,2016,483,1
846,3,2019,101,6
847,3,2019,102,8
848,3,2019,103,4
849,3,2019,104,6
850,3,2019,105,35
851,3,2019,106,6
852,3,2019,107,14
853,3,2019,108,10
854,3,2019,110,3
855,3,2019,111,1
856,3,2019,112,5
857,3,2019,201,2
858,3,2019,202,1
859,3,2019,203,1
860,3,2019,204,1
861,3,2019,206,1
862,3,2019,207,1
863,3,2019,208,1
864,3,2019,211,1
865,3,2019,301,3
866,3,2019,302,5
867,3,2019,304,5
868,3,2019,305,1
869,3,2019,306,7
870,3,2019,307,2
871,3,2019,308,1
872,3,2019,310,3
873,3,2019,311,1
874,3,2019,312,1
875,3,2019,313,2
876,3,2019,314,5
877,3,2019,315,1
878,3,2019,317,2
879,3,2019,318,1
880,3,2019,401,3
881,3,2019,402,1
882,3,2019,403,1
883,3,2019,405,1
884,3,2019,406,2
885,3,2019,408,1
886,3,2019,412,1
887,4,2010,103,3
888,4,2010,104,2
889,4,2010,107,2
890,4,2010,109,9
891,4,2010,110,16
892,4,2010,111,5
893,4,2010,112,5
894,4,2010,201,60
895,4,2010,202,77
896,4,2010,203,62
897,4,2010,204,105
898,4,2010,205,127
899,4,2010,206,95
900,4,2010,207,68
901,4,2010,208,12
902,4,2010,209,101
903,4,2010,210,21
904,4,2010,211,87
905,4,2010,212,232
906,4,2010,301,3
907,4,2010,302,5
908,4,2010,303,162
909,4,2010,304,66
910,4,2010,305,229
911,4,2010,306,2
912,4,2010,307,5
913,4,2010,308,82
914,4,2010,309,11
915,4,2010,310,2
916,4,2010,311,8
917,4,2010,312,4
918,4,2010,313,8
919,4,2010,314,17
920,4,2010,315,2
921,4,2010,316,140
922,4,2010,317,126
923,4,2010,318,32
924,4,2010,401,1
925,4,2010,403,6
926,4,2010,404,13
927,4,2010,405,12
928,4,2010,406,4
929,4,2010,407,5
930,4,2010,408,7
931,4,2010,409,75
932,4,2010,410,45
933,4,2010,412,227
934,4,2010,413,94
935,4,2010,414,137
936,4,2011,101,2
937,4,2011,103,1
938,4,2011,104,1
939,4,2011,105,1
940,4,2011,109,5
941,4,2011,110,13
942,4,2011,111,6
943,4,2011,112,20
944,4,2011,201,51
945,4,2011,202,49
946,4,2011,203,59
947,4,2011,204,88
948,4,2011,205,101
949,4,2011,206,90
950,4,2011,207,67
951,4,2011,208,10
952,4,2011,209,123
953,4,2011,210,17
954,4,2011,211,79
955,4,2011,212,185
956,4,2011,227,1
957,4,2011,301,1
958,4,2011,302,2
959,4,2011,303,151
960,4,2011,304,58
961,4,2011,305,278
962,4,2011,306,2
963,4,2011,307,12
964,4,2011,308,65
965,4,2011,309,23
966,4,2011,311,5
967,4,2011,312,5
968,4,2011,313,16
969,4,2011,314,35
970,4,2011,315,5
971,4,2011,316,111
972,4,2011,317,125
973,4,2011,318,47
974,4,2011,401,8
975,4,2011,402,3
976,4,2011,403,3
977,4,2011,404,6
978,4,2011,405,33
979,4,2011,406,1
980,4,2011,407,10
981,4,2011,408,2
982,4,2011,409,73
983,4,2011,410,31
984,4,2011,412,197
985,4,2011,413,62
986,4,2011,414,113
987,4,2012,107,2
988,4,2012,109,2
989,4,2012,110,1
990,4,2012,111,7
991,4,2012,112,9
992,4,2012,201,5
993,4,2012,202,5
994,4,2012,203,4
995,4,2012,204,10
996,4,2012,205,12
997,4,2012,206,7
998,4,2012,207,4
999,4,2012,208,2
1000,4,2012,209,10
1001,4,2012,211,7
1002,4,2012,212,22
1003,4,2012,301,1
1004,4,2012,302,1
1005,4,2012,303,20
1006,4,2012,304,10
1007,4,2012,305,36
1008,4,2012,307,1
1009,4,2012,308,5
1010,4,2012,309,5
1011,4,2012,313,8
1012,4,2012,314,5
1013,4,2012,315,2
1014,4,2012,316,13
1015,4,2012,317,18
1016,4,2012,318,4
1017,4,2012,401,1
1018,4,2012,403,1
1019,4,2012,404,3
1020,4,2012,405,7
1021,4,2012,407,1
1022,4,2012,408,1
1023,4,2012,409,5
1024,4,2012,410,7
1025,4,2012,412,24
1026,4,2012,413,6
1027,4,2012,414,22
1028,4,2013,112,1
1029,4,2013,202,1
1030,4,2013,209,2
1031,4,2013,211,1
1032,4,2013,212,2
1033,4,2013,305,2
1034,4,2013,314,1
1035,4,2013,316,3
1036,4,2013,317,1
1037,4,2013,401,1
1038,4,2013,405,1
1039,4,2013,412,1
1040,4,2013,414,1
1041,4,2014,101,3
1042,4,2014,102,5
1043,4,2014,103,2
1044,4,2014,104,2
1045,4,2014,105,8
1046,4,2014,106,4
1047,4,2014,107,8
1048,4,2014,108,10
1049,4,2014,109,2
1050,4,2014,111,1
1051,4,2014,112,3
1052,4,2014,202,3
1053,4,2014,206,2
1054,4,2014,210,1
1055,4,2014,212,1
1056,4,2014,301,3
1057,4,2014,302,2
1058,4,2014,303,2
1059,4,2014,305,4
1060,4,2014,306,1
1061,4,2014,308,3
1062,4,2014,309,2
1063,4,2014,311,1
1064,4,2014,313,2
1065,4,2014,317,1
1066,4,2014,318,1
1067,4,2014,401,1
1068,4,2014,402,1
1069,4,2014,407,2
1070,4,2014,408,2
1071,4,2014,410,1
1072,4,2014,412,2
1073,4,2015,101,7
1074,4,2015,102,16
1075,4,2015,103,10
1076,4,2015,104,16
1077,4,2015,105,78
1078,4,2015,106,8
1079,4,2015,107,13
1080,4,2015,108,8
1081,4,2015,109,13
1082,4,2015,110,4
1083,4,2015,111,8
1084,4,2015,112,4
1085,4,2015,204,1
1086,4,2015,205,1
1087,4,2015,206,1
1088,4,2015,208,5
1089,4,2015,209,2
1090,4,2015,211,2
1091,4,2015,301,8
1092,4,2015,302,5
1093,4,2015,303,1
1094,4,2015,304,8
1095,4,2015,305,1
1096,4,2015,306,4
1097,4,2015,307,1
1098,4,2015,310,1
1099,4,2015,311,4
1100,4,2015,313,3
1101,4,2015,314,2
1102,4,2015,315,3
1103,4,2015,316,2
1104,4,2015,318,1
1105,4,2015,401,8
1106,4,2015,402,4
1107,4,2015,404,2
1108,4,2015,405,1
1109,4,2015,406,4
1110,4,2015,407,1
1111,4,2015,408,2
1112,4,2015,409,3
1113,4,2015,410,2
1114,4,2015,412,4
1115,4,2015,413,1
1116,4,2016,101,52
1117,4,2016,102,324
1118,4,2016,103,290
1119,4,2016,104,339
1120,4,2016,105,1131
1121,4,2016,106,230
1122,4,2016,107,525
1123,4,2016,108,208
1124,4,2016,109,189
1125,4,2016,110,146
1126,4,2016,111,171
1127,4,2016,112,23
1128,4,2016,164,6
1129,4,2016,201,14
1130,4,2016,202,1
1131,4,2016,203,3
1132,4,2016,204,6
1133,4,2016,205,3
1134,4,2016,206,3
1135,4,2016,207,6
1136,4,2016,208,2
1137,4,2016,209,2
1138,4,2016,210,2
1139,4,2016,211,5
1140,4,2016,212,10
1141,4,2016,301,18
1142,4,2016,302,32
1143,4,2016,303,3
1144,4,2016,304,19
1145,4,2016,305,4
1146,4,2016,306,9
1147,4,2016,307,7
1148,4,2016,308,3
1149,4,2016,309,3
1150,4,2016,310,11
1151,4,2016,311,1
1152,4,2016,312,9
1153,4,2016,313,5
1154,4,2016,314,9
1155,4,2016,315,7
1156,4,2016,316,6
1157,4,2016,317,4
1158,4,2016,318,4
1159,4,2016,401,19
1160,4,2016,402,4
1161,4,2016,403,6
1162,4,2016,404,15
1163,4,2016,405,4
1164,4,2016,406,5
1165,4,2016,407,5
1166,4,2016,408,4
1167,4,2016,409,8
1168,4,2016,410,6
1169,4,2016,411,4
1170,4,2016,412,16
1171,4,2016,413,2
1172,4,2016,414,6
1173,4,2019,101,33
1174,4,2019,102,58
1175,4,2019,103,15
1176,4,2019,104,44
1177,4,2019,105,140
1178,4,2019,106,54
1179,4,2019,107,83
1180,4,2019,108,40
1181,4,2019,109,17
1182,4,2019,110,10
1183,4,2019,111,23
1184,4,2019,112,9
1185,4,2019,164,1
1186,4,2019,201,10
1187,4,2019,202,1
1188,4,2019,204,15
1189,4,2019,205,9
1190,4,2019,206,2
1191,4,2019,207,11
1192,4,2019,208,6
1193,4,2019,209,6
1194,4,2019,210,1
1195,4,2019,301,20
1196,4,2019,302,14
1197,4,2019,303,16
1198,4,2019,304,8
1199,4,2019,305,9
1200,4,2019,306,23
1201,4,2019,307,18
1202,4,2019,308,7
1203,4,2019,309,7
1204,4,2019,310,8
1205,4,2019,311,15
1206,4,2019,312,3
1207,4,2019,313,23
1208,4,2019,314,10
1209,4,2019,315,11
1210,4,2019,316,1
1211,4,2019,317,1
1212,4,2019,318,14
1213,4,2019,355,1
1214,4,2019,356,3
1215,4,2019,401,13
1216,4,2019,402,5
1217,4,2019,403,2
1218,4,2019,404,2
1219,4,2019,405,15
1220,4,2019,406,7
1221,4,2019,409,7
1222,4,2019,410,3
1223,4,2019,412,12
1224,4,2019,413,6
1225,5,2010,103,1
1226,5,2010,104,1
1227,5,2010,107,1
1228,5,2010,109,4
1229,5,2010,110,15
1230,5,2010,111,5
1231,5,2010,112,10
1232,5,2010,201,39
1233,5,2010,202,60
1234,5,2010,203,108
1235,5,2010,204,97
1236,5,2010,205,144
1237,5,2010,206,105
1238,5,2010,207,57
1239,5,2010,208,13
1240,5,2010,209,128
1241,5,2010,210,19
1242,5,2010,211,69
1243,5,2010,212,206
1244,5,2010,227,1
1245,5,2010,301,2
1246,5,2010,302,1
1247,5,2010,303,171
1248,5,2010,304,65
1249,5,2010,305,186
1250,5,2010,306,5
1251,5,2010,307,15
1252,5,2010,308,78
1253,5,2010,309,26
1254,5,2010,310,5
1255,5,2010,311,14
1256,5,2010,312,1
1257,5,2010,313,10
1258,5,2010,314,21
1259,5,2010,315,5
1260,5,2010,316,127
1261,5,2010,317,107
1262,5,2010,318,43
1263,5,2010,401,3
1264,5,2010,402,1
1265,5,2010,403,8
1266,5,2010,404,4
1267,5,2010,405,26
1268,5,2010,406,1
1269,5,2010,407,1
1270,5,2010,408,4
1271,5,2010,409,53
1272,5,2010,410,24
1273,5,2010,411,1
1274,5,2010,412,200
1275,5,2010,413,71
1276,5,2010,414,114
1277,5,2011,101,2
1278,5,2011,103,1
1279,5,2011,104,1
1280,5,2011,105,1
1281,5,2011,106,1
1282,5,2011,109,3
1283,5,2011,110,17
1284,5,2011,111,10
1285,5,2011,112,16
1286,5,2011,201,68
1287,5,2011,202,44
1288,5,2011,203,59
1289,5,2011,204,120
1290,5,2011,205,138
1291,5,2011,206,98
1292,5,2011,207,92
1293,5,2011,208,14
1294,5,2011,209,129
1295,5,2011,210,27
1296,5,2011,211,63
1297,5,2011,212,193
1298,5,2011,301,8
1299,5,2011,302,3
1300,5,2011,303,174
1301,5,2011,304,66
1302,5,2011,305,285
1303,5,2011,306,2
1304,5,2011,307,10
1305,5,2011,308,64
1306,5,2011,309,51
1307,5,2011,310,1
1308,5,2011,311,14
1309,5,2011,312,5
1310,5,2011,313,22
1311,5,2011,314,43
1312,5,2011,315,2
1313,5,2011,316,111
1314,5,2011,317,105
1315,5,2011,318,62
1316,5,2011,401,9
1317,5,2011,402,1
1318,5,2011,403,7
1319,5,2011,404,7
1320,5,2011,405,33
1321,5,2011,406,2
1322,5,2011,407,8
1323,5,2011,408,1
1324,5,2011,409,79
1325,5,2011,410,24
1326,5,2011,411,2
1327,5,2011,412,192
1328,5,2011,413,58
1329,5,2011,414,115
1330,5,2012,110,1
1331,5,2012,111,4
1332,5,2012,201,8
1333,5,2012,203,4
1334,5,2012,204,9
1335,5,2012,205,7
1336,5,2012,206,7
1337,5,2012,207,3
1338,5,2012,208,1
1339,5,2012,209,5
1340,5,2012,210,2
1341,5,2012,211,2
1342,5,2012,212,8
1343,5,2012,303,9
1344,5,2012,304,2
1345,5,2012,305,27
1346,5,2012,307,1
1347,5,2012,308,5
1348,5,2012,309,4
1349,5,2012,312,1
1350,5,2012,313,3
1351,5,2012,314,4
1352,5,2012,316,11
1353,5,2012,317,6
1354,5,2012,318,3
1355,5,2012,405,1
1356,5,2012,409,6
1357,5,2012,410,6
1358,5,2012,412,20
1359,5,2012,413,10
1360,5,2012,414,7
1361,5,2013,105,1
1362,5,2013,201,1
1363,5,2013,202,1
1364,5,2013,205,1
1365,5,2013,207,1
1366,5,2013,304,2
1367,5,2013,305,1
1368,5,2013,313,2
1369,5,2013,317,1
1370,5,2014,101,4
1371,5,2014,102,4
1372,5,2014,103,5
1373,5,2014,104,6
1374,5,2014,105,11
1375,5,2014,106,9
1376,5,2014,107,7
1377,5,2014,108,7
1378,5,2014,109,2
1379,5,2014,110,4
1380,5,2014,111,3
1381,5,2014,112,5
1382,5,2014,201,1
1383,5,2014,202,2
1384,5,2014,203,1
1385,5,2014,204,4
1386,5,2014,205,1
1387,5,2014,207,1
1388,5,2014,208,1
1389,5,2014,210,1
1390,5,2014,211,4
1391,5,2014,212,1
1392,5,2014,301,2
1393,5,2014,302,7
1394,5,2014,305,1
1395,5,2014,306,1
1396,5,2014,308,2
1397,5,2014,310,2
1398,5,2014,311,3
1399,5,2014,313,2
1400,5,2014,314,1
1401,5,2014,315,2
1402,5,2014,316,3
1403,5,2014,317,2
1404,5,2014,318,4
1405,5,2014,401,6
1406,5,2014,405,1
1407,5,2014,408,2
1408,5,2014,412,1
1409,5,2015,101,10
1410,5,2015,102,22
1411,5,2015,103,30
1412,5,2015,104,27
1413,5,2015,105,42
1414,5,2015,106,23
1415,5,2015,107,18
1416,5,2015,108,16
1417,5,2015,109,3
1418,5,2015,110,9
1419,5,2015,111,7
1420,5,2015,112,5
1421,5,2015,201,1
1422,5,2015,202,1
1423,5,2015,205,1
1424,5,2015,206,1
1425,5,2015,207,2
1426,5,2015,209,1
1427,5,2015,211,1
1428,5,2015,212,1
1429,5,2015,301,9
1430,5,2015,302,4
1431,5,2015,303,13
1432,5,2015,304,10
1433,5,2015,305,5
1434,5,2015,306,2
1435,5,2015,307,1
1436,5,2015,308,1
1437,5,2015,310,1
1438,5,2015,312,3
1439,5,2015,313,4
1440,5,2015,314,6
1441,5,2015,315,5
1442,5,2015,316,1
1443,5,2015,317,2
1444,5,2015,318,7
1445,5,2015,401,7
1446,5,2015,402,3
1447,5,2015,403,4
1448,5,2015,404,2
1449,5,2015,405,1
1450,5,2015,406,1
1451,5,2015,408,3
1452,5,2015,409,1
1453,5,2015,411,1
1454,5,2015,412,4
1455,5,2015,413,2
1456,5,2015,414,4
1457,5,2016,101,98
1458,5,2016,102,400
1459,5,2016,103,205
1460,5,2016,104,417
1461,5,2016,105,1155
1462,5,2016,106,249
1463,5,2016,107,647
1464,5,2016,108,176
1465,5,2016,109,278
1466,5,2016,110,130
1467,5,2016,111,232
1468,5,2016,112,18
1469,5,2016,164,3
1470,5,2016,201,20
1471,5,2016,202,4
1472,5,2016,203,7
1473,5,2016,204,7
1474,5,2016,205,3
1475,5,2016,206,2
1476,5,2016,208,3
1477,5,2016,209,3
1478,5,2016,210,4
1479,5,2016,211,4
1480,5,2016,212,6
1481,5,2016,301,36
1482,5,2016,302,30
1483,5,2016,303,14
1484,5,2016,304,18
1485,5,2016,305,24
1486,5,2016,306,20
1487,5,2016,307,11
1488,5,2016,308,16
1489,5,2016,309,4
1490,5,2016,310,6
1491,5,2016,311,3
1492,5,2016,312,13
1493,5,2016,314,30
1494,5,2016,315,7
1495,5,2016,316,3
1496,5,2016,318,4
1497,5,2016,355,1
1498,5,2016,401,25
1499,5,2016,402,25
1500,5,2016,403,4
1501,5,2016,404,11
1502,5,2016,405,8
1503,5,2016,406,14
1504,5,2016,407,5
1505,5,2016,408,5
1506,5,2016,409,10
1507,5,2016,410,2
1508,5,2016,411,1
1509,5,2016,412,25
1510,5,2016,413,3
1511,5,2016,414,4
1512,5,2016,480,1
1513,6,2010,101,2
1514,6,2010,103,3
1515,6,2010,107,1
1516,6,2010,109,3
1517,6,2010,110,22
1518,6,2010,111,1
1519,6,2010,112,8
1520,6,2010,201,51
1521,6,2010,202,77
1522,6,2010,203,70
1523,6,2010,204,125
1524,6,2010,205,116
1525,6,2010,206,82
1526,6,2010,207,63
1527,6,2010,208,8
1528,6,2010,209,105
1529,6,2010,210,18
1530,6,2010,211,86
1531,6,2010,212,224
1532,6,2010,301,2
1533,6,2010,302,9
1534,6,2010,303,202
1535,6,2010,304,85
1536,6,2010,305,231
1537,6,2010,306,4
1538,6,2010,307,10
1539,6,2010,308,74
1540,6,2010,309,31
1541,6,2010,310,6
1542,6,2010,311,2
1543,6,2010,312,5
1544,6,2010,313,19
1545,6,2010,314,22
1546,6,2010,315,2
1547,6,2010,316,132
1548,6,2010,317,127
1549,6,2010,318,40
1550,6,2010,401,6
1551,6,2010,402,2
1552,6,2010,403,5
1553,6,2010,404,7
1554,6,2010,405,22
1555,6,2010,407,6
1556,6,2010,408,6
1557,6,2010,409,63
1558,6,2010,410,52
1559,6,2010,411,1
1560,6,2010,412,181
1561,6,2010,413,71
1562,6,2010,414,150
1563,6,2011,101,1
1564,6,2011,103,1
1565,6,2011,104,1
1566,6,2011,105,2
1567,6,2011,106,1
1568,6,2011,107,3
1569,6,2011,109,8
1570,6,2011,110,28
1571,6,2011,111,21
1572,6,2011,112,21
1573,6,2011,201,59
1574,6,2011,202,38
1575,6,2011,203,89
1576,6,2011,204,119
1577,6,2011,205,107
1578,6,2011,206,89
1579,6,2011,207,60
1580,6,2011,208,10
1581,6,2011,209,138
1582,6,2011,210,30
1583,6,2011,211,66
1584,6,2011,212,210
1585,6,2011,227,1
1586,6,2011,301,2
1587,6,2011,302,4
1588,6,2011,303,171
1589,6,2011,304,80
1590,6,2011,305,306
1591,6,2011,306,1
1592,6,2011,307,8
1593,6,2011,308,78
1594,6,2011,309,28
1595,6,2011,310,1
1596,6,2011,311,11
1597,6,2011,312,10
1598,6,2011,313,25
1599,6,2011,314,47
1600,6,2011,315,2
1601,6,2011,316,123
1602,6,2011,317,140
1603,6,2011,318,70
1604,6,2011,401,1
1605,6,2011,403,10
1606,6,2011,404,13
1607,6,2011,405,37
1608,6,2011,406,3
1609,6,2011,407,6
1610,6,2011,408,2
1611,6,2011,409,79
1612,6,2011,410,44
1613,6,2011,411,1
1614,6,2011,412,215
1615,6,2011,413,59
1616,6,2011,414,124
1617,6,2012,109,1
1618,6,2012,110,2
1619,6,2012,111,4
1620,6,2012,112,1
1621,6,2012,201,2
1622,6,2012,202,5
1623,6,2012,203,5
1624,6,2012,204,5
1625,6,2012,205,3
1626,6,2012,206,4
1627,6,2012,207,2
1628,6,2012,209,2
1629,6,2012,211,1
1630,6,2012,212,5
1631,6,2012,303,13
1632,6,2012,304,3
1633,6,2012,305,10
1634,6,2012,308,3
1635,6,2012,309,1
1636,6,2012,312,2
1637,6,2012,313,2
1638,6,2012,314,2
1639,6,2012,315,1
1640,6,2012,316,4
1641,6,2012,317,2
1642,6,2012,318,3
1643,6,2012,403,1
1644,6,2012,404,1
1645,6,2012,405,3
1646,6,2012,409,2
1647,6,2012,410,1
1648,6,2012,412,15
1649,6,2012,413,3
1650,6,2012,414,8
1651,6,2013,105,2
1652,6,2013,302,12
1653,6,2013,307,1
1654,6,2013,317,1
1655,6,2013,318,1
1656,6,2013,408,4
1657,6,2013,414,1
1658,6,2014,101,3
1659,6,2014,102,2
1660,6,2014,103,3
1661,6,2014,104,3
1662,6,2014,105,14
1663,6,2014,106,11
1664,6,2014,107,15
1665,6,2014,108,3
1666,6,2014,109,1
1667,6,2014,110,3
1668,6,2014,112,3
1669,6,2014,201,1
1670,6,2014,204,1
1671,6,2014,205,2
1672,6,2014,207,1
1673,6,2014,211,1
1674,6,2014,212,2
1675,6,2014,301,3
1676,6,2014,302,2
1677,6,2014,304,1
1678,6,2014,305,1
1679,6,2014,306,1
1680,6,2014,307,1
1681,6,2014,308,3
1682,6,2014,309,1
1683,6,2014,310,3
1684,6,2014,313,2
1685,6,2014,314,1
1686,6,2014,316,2
1687,6,2014,317,2
1688,6,2014,401,4
1689,6,2014,403,1
1690,6,2014,406,2
1691,6,2014,407,1
1692,6,2014,409,1
1693,6,2014,414,2
1694,6,2015,101,22
1695,6,2015,102,18
1696,6,2015,103,28
1697,6,2015,104,16
1698,6,2015,105,89
1699,6,2015,106,52
1700,6,2015,107,19
1701,6,2015,108,13
1702,6,2015,109,7
1703,6,2015,110,8
1704,6,2015,111,13
1705,6,2015,112,8
1706,6,2015,164,1
1707,6,2015,201,1
1708,6,2015,203,1
1709,6,2015,204,1
1710,6,2015,205,1
1711,6,2015,207,4
1712,6,2015,208,3
1713,6,2015,210,1
1714,6,2015,211,6
1715,6,2015,212,2
1716,6,2015,301,16
1717,6,2015,302,8
1718,6,2015,303,6
1719,6,2015,304,11
1720,6,2015,305,3
1721,6,2015,306,8
1722,6,2015,307,1
1723,6,2015,308,4
1724,6,2015,310,2
1725,6,2015,311,2
1726,6,2015,312,4
1727,6,2015,313,5
1728,6,2015,314,18
1729,6,2015,315,4
1730,6,2015,316,1
1731,6,2015,318,2
1732,6,2015,401,5
1733,6,2015,402,4
1734,6,2015,403,4
1735,6,2015,404,5
1736,6,2015,405,1
1737,6,2015,406,3
1738,6,2015,407,1
1739,6,2015,408,2
1740,6,2015,409,4
1741,6,2015,412,2
1742,6,2015,413,3
1743,6,2015,414,1
1744,6,2016,101,19
1745,6,2016,102,39
1746,6,2016,103,50
1747,6,2016,104,57
1748,6,2016,105,203
1749,6,2016,106,31
1750,6,2016,107,109
1751,6,2016,108,49
1752,6,2016,109,71
1753,6,2016,110,30
1754,6,2016,111,74
1755,6,2016,112,5
1756,6,2016,164,1
1757,6,2016,201,4
1758,6,2016,203,1
1759,6,2016,205,3
1760,6,2016,206,1
1761,6,2016,207,1
1762,6,2016,208,2
1763,6,2016,209,1
1764,6,2016,210,1
1765,6,2016,211,1
1766,6,2016,301,4
1767,6,2016,302,6
1768,6,2016,303,3
1769,6,2016,304,1
1770,6,2016,305,4
1771,6,2016,306,6
1772,6,2016,307,4
1773,6,2016,309,1
1774,6,2016,312,5
1775,6,2016,313,5
1776,6,2016,314,2
1777,6,2016,317,2
1778,6,2016,318,2
1779,6,2016,401,5
1780,6,2016,402,1
1781,6,2016,403,4
1782,6,2016,404,15
1783,6,2016,405,1
1784,6,2016,406,4
1785,6,2016,407,1
1786,6,2016,408,4
1787,6,2016,409,3
1788,6,2016,410,2
1789,6,2016,412,6
1790,7,2010,101,1
1791,7,2010,104,2
1792,7,2010,107,1
1793,7,2010,109,4
1794,7,2010,110,12
1795,7,2010,111,3
1796,7,2010,112,14
1797,7,2010,201,64
1798,7,2010,202,71
1799,7,2010,203,83
1800,7,2010,204,130
1801,7,2010,205,106
1802,7,2010,206,94
1803,7,2010,207,61
1804,7,2010,208,15
1805,7,2010,209,95
1806,7,2010,210,25
1807,7,2010,211,66
1808,7,2010,212,197
1809,7,2010,301,1
1810,7,2010,302,7
1811,7,2010,303,159
1812,7,2010,304,90
1813,7,2010,305,269
1814,7,2010,306,5
1815,7,2010,307,13
1816,7,2010,308,83
1817,7,2010,309,24
1818,7,2010,310,3
1819,7,2010,311,6
1820,7,2010,312,4
1821,7,2010,313,19
1822,7,2010,314,49
1823,7,2010,315,2
1824,7,2010,316,155
1825,7,2010,317,96
1826,7,2010,318,55
1827,7,2010,355,1
1828,7,2010,401,3
1829,7,2010,402,2
1830,7,2010,403,12
1831,7,2010,404,8
1832,7,2010,405,31
1833,7,2010,407,6
1834,7,2010,408,4
1835,7,2010,409,64
1836,7,2010,410,48
1837,7,2010,412,177
1838,7,2010,413,61
1839,7,2010,414,137
1840,7,2011,105,4
1841,7,2011,109,11
1842,7,2011,110,9
1843,7,2011,111,15
1844,7,2011,112,20
1845,7,2011,201,45
1846,7,2011,202,54
1847,7,2011,203,56
1848,7,2011,204,96
1849,7,2011,205,102
1850,7,2011,206,85
1851,7,2011,207,51
1852,7,2011,208,12
1853,7,2011,209,107
1854,7,2011,210,20
1855,7,2011,211,53
1856,7,2011,212,157
1857,7,2011,227,1
1858,7,2011,302,4
1859,7,2011,303,145
1860,7,2011,304,91
1861,7,2011,305,239
1862,7,2011,306,1
1863,7,2011,307,17
1864,7,2011,308,59
1865,7,2011,309,23
1866,7,2011,310,1
1867,7,2011,311,10
1868,7,2011,312,7
1869,7,2011,313,12
1870,7,2011,314,45
1871,7,2011,315,4
1872,7,2011,316,136
1873,7,2011,317,106
1874,7,2011,318,51
1875,7,2011,401,13
1876,7,2011,403,5
1877,7,2011,404,10
1878,7,2011,405,23
1879,7,2011,406,4
1880,7,2011,407,2
1881,7,2011,408,4
1882,7,2011,409,55
1883,7,2011,410,50
1884,7,2011,411,1
1885,7,2011,412,160
1886,7,2011,413,70
1887,7,2011,414,109
1888,7,2012,111,1
1889,7,2012,201,5
1890,7,2012,202,3
1891,7,2012,203,2
1892,7,2012,204,1
1893,7,2012,205,5
1894,7,2012,206,2
1895,7,2012,207,3
1896,7,2012,209,4
1897,7,2012,211,1
1898,7,2012,212,5
1899,7,2012,303,3
1900,7,2012,304,3
1901,7,2012,305,5
1902,7,2012,308,3
1903,7,2012,312,2
1904,7,2012,313,2
1905,7,2012,314,2
1906,7,2012,316,4
1907,7,2012,317,2
1908,7,2012,405,1
1909,7,2012,409,3
1910,7,2012,412,4
1911,7,2012,413,3
1912,7,2012,414,4
1913,7,2013,101,3
1914,7,2013,102,5
1915,7,2013,105,2
1916,7,2013,106,2
1917,7,2013,107,1
1918,7,2013,111,1
1919,7,2013,206,1
1920,7,2013,212,2
1921,7,2013,302,5
1922,7,2013,304,1
1923,7,2013,308,1
1924,7,2013,312,1
1925,7,2013,317,1
1926,7,2013,401,2
1927,7,2013,412,1
1928,7,2013,414,1
1929,7,2014,101,2
1930,7,2014,102,21
1931,7,2014,103,5
1932,7,2014,104,2
1933,7,2014,105,11
1934,7,2014,106,11
1935,7,2014,107,6
1936,7,2014,108,4
1937,7,2014,109,3
1938,7,2014,110,8
1939,7,2014,111,2
1940,7,2014,112,5
1941,7,2014,205,2
1942,7,2014,207,1
1943,7,2014,208,1
1944,7,2014,210,2
1945,7,2014,211,1
1946,7,2014,301,3
1947,7,2014,302,8
1948,7,2014,303,13
1949,7,2014,304,1
1950,7,2014,307,1
1951,7,2014,308,4
1952,7,2014,309,1
1953,7,2014,310,1
1954,7,2014,312,1
1955,7,2014,313,5
1956,7,2014,316,2
1957,7,2014,317,1
1958,7,2014,318,4
1959,7,2014,401,3
1960,7,2014,402,3
1961,7,2014,403,1
1962,7,2014,404,1
1963,7,2014,405,1
1964,7,2014,406,3
1965,7,2014,407,1
1966,7,2014,408,1
1967,7,2014,412,1
1968,7,2015,101,13
1969,7,2015,102,46
1970,7,2015,103,36
1971,7,2015,104,48
1972,7,2015,105,103
1973,7,2015,106,108
1974,7,2015,107,25
1975,7,2015,108,15
1976,7,2015,109,11
1977,7,2015,110,30
1978,7,2015,111,32
1979,7,2015,112,9
1980,7,2015,202,3
1981,7,2015,203,1
1982,7,2015,204,1
1983,7,2015,207,1
1984,7,2015,208,1
1985,7,2015,211,4
1986,7,2015,212,1
1987,7,2015,301,13
1988,7,2015,302,12
1989,7,2015,303,3
1990,7,2015,304,18
1991,7,2015,305,4
1992,7,2015,306,15
1993,7,2015,307,3
1994,7,2015,308,5
1995,7,2015,309,1
1996,7,2015,310,1
1997,7,2015,311,2
1998,7,2015,312,4
1999,7,2015,313,2
2000,7,2015,314,5
2001,7,2015,315,5
2002,7,2015,318,2
2003,7,2015,401,9
2004,7,2015,402,9
2005,7,2015,404,6
2006,7,2015,406,5
2007,7,2015,407,8
2008,7,2015,408,1
2009,7,2015,409,1
2010,7,2015,410,3
2011,7,2015,412,5
2012,7,2015,413,1
2013,8,2010,103,3
2014,8,2010,106,1
2015,8,2010,107,3
2016,8,2010,109,6
2017,8,2010,110,31
2018,8,2010,111,14
2019,8,2010,112,9
2020,8,2010,201,48
2021,8,2010,202,87
2022,8,2010,203,125
2023,8,2010,204,150
2024,8,2010,205,127
2025,8,2010,206,115
2026,8,2010,207,91
2027,8,2010,208,9
2028,8,2010,209,193
2029,8,2010,210,38
2030,8,2010,211,113
2031,8,2010,212,331
2032,8,2010,301,5
2033,8,2010,302,8
2034,8,2010,303,278
2035,8,2010,304,132
2036,8,2010,305,368
2037,8,2010,306,1
2038,8,2010,307,23
2039,8,2010,308,104
2040,8,2010,309,22
2041,8,2010,310,4
2042,8,2010,311,9
2043,8,2010,312,8
2044,8,2010,313,21
2045,8,2010,314,47
2046,8,2010,315,7
2047,8,2010,316,194
2048,8,2010,317,167
2049,8,2010,318,95
2050,8,2010,401,8
2051,8,2010,403,16
2052,8,2010,404,9
2053,8,2010,405,47
2054,8,2010,406,4
2055,8,2010,407,13
2056,8,2010,408,5
2057,8,2010,409,99
2058,8,2010,410,70
2059,8,2010,411,4
2060,8,2010,412,321
2061,8,2010,413,97
2062,8,2010,414,175
2063,8,2011,104,3
2064,8,2011,105,2
2065,8,2011,109,11
2066,8,2011,110,27
2067,8,2011,111,16
2068,8,2011,112,24
2069,8,2011,201,44
2070,8,2011,202,47
2071,8,2011,203,66
2072,8,2011,204,68
2073,8,2011,205,103
2074,8,2011,206,95
2075,8,2011,207,73
2076,8,2011,208,9
2077,8,2011,209,68
2078,8,2011,210,15
2079,8,2011,211,54
2080,8,2011,212,166
2081,8,2011,301,1
2082,8,2011,302,5
2083,8,2011,303,167
2084,8,2011,304,69
2085,8,2011,305,214
2086,8,2011,306,3
2087,8,2011,307,13
2088,8,2011,308,64
2089,8,2011,309,13
2090,8,2011,310,4
2091,8,2011,311,9
2092,8,2011,312,6
2093,8,2011,313,29
2094,8,2011,314,39
2095,8,2011,315,8
2096,8,2011,316,113
2097,8,2011,317,94
2098,8,2011,318,57
2099,8,2011,401,9
2100,8,2011,403,7
2101,8,2011,404,7
2102,8,2011,405,11
2103,8,2011,406,4
2104,8,2011,407,1
2105,8,2011,408,1
2106,8,2011,409,52
2107,8,2011,410,41
2108,8,2011,412,151
2109,8,2011,413,45
2110,8,2011,414,105
2111,8,2012,103,2
2112,8,2012,110,5
2113,8,2012,111,1
2114,8,2012,112,1
2115,8,2012,201,2
2116,8,2012,202,9
2117,8,2012,204,1
2118,8,2012,205,2
2119,8,2012,209,3
2120,8,2012,210,2
2121,8,2012,212,4
2122,8,2012,303,2
2123,8,2012,304,3
2124,8,2012,305,7
2125,8,2012,311,1
2126,8,2012,312,1
2127,8,2012,313,2
2128,8,2012,314,1
2129,8,2012,315,1
2130,8,2012,316,4
2131,8,2012,318,2
2132,8,2012,404,1
2133,8,2012,405,2
2134,8,2012,408,1
2135,8,2012,409,1
2136,8,2012,410,3
2137,8,2012,412,5
2138,8,2012,414,5
2139,8,2013,101,3
2140,8,2013,102,29
2141,8,2013,105,3
2142,8,2013,106,4
2143,8,2013,107,5
2144,8,2013,108,1
2145,8,2013,111,2
2146,8,2013,112,1
2147,8,2013,204,1
2148,8,2013,206,1
2149,8,2013,212,1
2150,8,2013,301,2
2151,8,2013,302,5
2152,8,2013,303,1
2153,8,2013,304,1
2154,8,2013,305,9
2155,8,2013,306,2
2156,8,2013,308,6
2157,8,2013,309,1
2158,8,2013,310,1
2159,8,2013,313,1
2160,8,2013,314,1
2161,8,2013,315,1
2162,8,2013,317,1
2163,8,2013,318,2
2164,8,2013,407,5
2165,8,2013,409,1
2166,8,2013,410,1
2167,8,2013,412,1
2168,8,2013,414,1
2169,8,2014,101,2
2170,8,2014,102,10
2171,8,2014,103,21
2172,8,2014,104,13
2173,8,2014,105,23
2174,8,2014,106,15
2175,8,2014,107,12
2176,8,2014,108,5
2177,8,2014,109,2
2178,8,2014,110,10
2179,8,2014,111,6
2180,8,2014,112,8
2181,8,2014,204,1
2182,8,2014,205,1
2183,8,2014,206,1
2184,8,2014,207,2
2185,8,2014,208,2
2186,8,2014,301,7
2187,8,2014,302,13
2188,8,2014,303,4
2189,8,2014,304,2
2190,8,2014,305,3
2191,8,2014,307,4
2192,8,2014,308,6
2193,8,2014,310,16
2194,8,2014,312,1
2195,8,2014,313,1
2196,8,2014,315,2
2197,8,2014,316,2
2198,8,2014,317,3
2199,8,2014,318,2
2200,8,2014,401,4
2201,8,2014,402,4
2202,8,2014,403,3
2203,8,2014,404,1
2204,8,2014,406,1
2205,8,2014,408,3
2206,8,2014,414,2
2207,8,2015,101,49
2208,8,2015,102,31
2209,8,2015,103,24
2210,8,2015,104,63
2211,8,2015,105,149
2212,8,2015,106,82
2213,8,2015,107,45
2214,8,2015,108,40
2215,8,2015,109,15
2216,8,2015,110,29
2217,8,2015,111,21
2218,8,2015,112,17
2219,8,2015,164,3
2220,8,2015,201,5
2221,8,2015,202,1
2222,8,2015,204,2
2223,8,2015,206,1
2224,8,2015,207,2
2225,8,2015,208,3
2226,8,2015,209,1
2227,8,2015,211,2
2228,8,2015,212,2
2229,8,2015,301,17
2230,8,2015,302,21
2231,8,2015,303,6
2232,8,2015,304,13
2233,8,2015,305,15
2234,8,2015,306,9
2235,8,2015,307,3
2236,8,2015,308,4
2237,8,2015,309,2
2238,8,2015,310,12
2239,8,2015,311,5
2240,8,2015,313,4
2241,8,2015,314,13
2242,8,2015,316,3
2243,8,2015,318,1
2244,8,2015,401,4
2245,8,2015,402,4
2246,8,2015,403,4
2247,8,2015,404,6
2248,8,2015,406,8
2249,8,2015,407,5
2250,8,2015,408,4
2251,8,2015,410,5
2252,8,2015,412,1
2253,8,2015,414,1
2254,8,2016,103,1
2255,8,2016,104,1
2256,8,2016,312,1
2257,9,2010,101,1
2258,9,2010,103,7
2259,9,2010,104,1
2260,9,2010,107,2
2261,9,2010,109,5
2262,9,2010,110,19
2263,9,2010,111,11
2264,9,2010,112,21
2265,9,2010,201,58
2266,9,2010,202,88
2267,9,2010,203,105
2268,9,2010,204,156
2269,9,2010,205,159
2270,9,2010,206,157
2271,9,2010,207,90
2272,9,2010,208,16
2273,9,2010,209,173
2274,9,2010,210,35
2275,9,2010,211,118
2276,9,2010,212,345
2277,9,2010,301,2
2278,9,2010,302,6
2279,9,2010,303,275
2280,9,2010,304,121
2281,9,2010,305,453
2282,9,2010,306,3
2283,9,2010,307,16
2284,9,2010,308,94
2285,9,2010,309,25
2286,9,2010,310,3
2287,9,2010,311,7
2288,9,2010,312,4
2289,9,2010,313,26
2290,9,2010,314,43
2291,9,2010,315,3
2292,9,2010,316,179
2293,9,2010,317,173
2294,9,2010,318,59
2295,9,2010,401,13
2296,9,2010,403,18
2297,9,2010,404,13
2298,9,2010,405,59
2299,9,2010,406,6
2300,9,2010,407,11
2301,9,2010,408,10
2302,9,2010,409,90
2303,9,2010,410,61
2304,9,2010,411,5
2305,9,2010,412,281
2306,9,2010,413,86
2307,9,2010,414,165
2308,9,2011,101,1
2309,9,2011,103,1
2310,9,2011,104,2
2311,9,2011,109,5
2312,9,2011,110,9
2313,9,2011,111,13
2314,9,2011,112,14
2315,9,2011,201,65
2316,9,2011,202,53
2317,9,2011,203,57
2318,9,2011,204,63
2319,9,2011,205,106
2320,9,2011,206,89
2321,9,2011,207,54
2322,9,2011,208,6
2323,9,2011,209,90
2324,9,2011,210,16
2325,9,2011,211,45
2326,9,2011,212,143
2327,9,2011,301,6
2328,9,2011,302,3
2329,9,2011,303,128
2330,9,2011,304,57
2331,9,2011,305,207
2332,9,2011,307,4
2333,9,2011,308,40
2334,9,2011,309,14
2335,9,2011,310,3
2336,9,2011,311,5
2337,9,2011,312,7
2338,9,2011,313,16
2339,9,2011,314,29
2340,9,2011,315,10
2341,9,2011,316,101
2342,9,2011,317,102
2343,9,2011,318,28
2344,9,2011,401,6
2345,9,2011,402,1
2346,9,2011,403,11
2347,9,2011,404,1
2348,9,2011,405,25
2349,9,2011,406,1
2350,9,2011,407,1
2351,9,2011,409,48
2352,9,2011,410,41
2353,9,2011,411,2
2354,9,2011,412,141
2355,9,2011,413,40
2356,9,2011,414,121
2357,9,2012,111,1
2358,9,2012,201,2
2359,9,2012,202,1
2360,9,2012,204,1
2361,9,2012,205,1
2362,9,2012,206,2
2363,9,2012,209,3
2364,9,2012,211,1
2365,9,2012,212,1
2366,9,2012,303,2
2367,9,2012,304,1
2368,9,2012,305,7
2369,9,2012,308,2
2370,9,2012,312,1
2371,9,2012,314,1
2372,9,2012,316,1
2373,9,2012,317,1
2374,9,2012,318,1
2375,9,2012,404,2
2376,9,2012,409,1
2377,9,2012,410,2
2378,9,2012,412,2
2379,9,2012,413,1
2380,9,2012,414,1
2381,9,2013,101,4
2382,9,2013,102,4
2383,9,2013,103,2
2384,9,2013,104,9
2385,9,2013,105,14
2386,9,2013,106,9
2387,9,2013,107,7
2388,9,2013,108,2
2389,9,2013,109,1
2390,9,2013,111,1
2391,9,2013,112,2
2392,9,2013,201,1
2393,9,2013,202,1
2394,9,2013,204,1
2395,9,2013,205,6
2396,9,2013,210,1
2397,9,2013,211,1
2398,9,2013,212,1
2399,9,2013,301,1
2400,9,2013,302,10
2401,9,2013,303,2
2402,9,2013,305,3
2403,9,2013,306,2
2404,9,2013,308,2
2405,9,2013,310,1
2406,9,2013,311,1
2407,9,2013,312,1
2408,9,2013,313,1
2409,9,2013,316,1
2410,9,2013,318,1
2411,9,2013,401,2
2412,9,2013,403,1
2413,9,2013,404,1
2414,9,2013,407,1
2415,9,2013,408,1
2416,9,2013,412,1
2417,9,2014,101,4
2418,9,2014,102,16
2419,9,2014,103,19
2420,9,2014,104,19
2421,9,2014,105,19
2422,9,2014,106,37
2423,9,2014,107,11
2424,9,2014,108,9
2425,9,2014,109,3
2426,9,2014,110,4
2427,9,2014,111,16
2428,9,2014,112,7
2429,9,2014,202,2
2430,9,2014,204,2
2431,9,2014,205,3
2432,9,2014,208,4
2433,9,2014,301,5
2434,9,2014,302,23
2435,9,2014,303,1
2436,9,2014,304,1
2437,9,2014,305,2
2438,9,2014,306,6
2439,9,2014,307,2
2440,9,2014,308,3
2441,9,2014,310,1
2442,9,2014,311,3
2443,9,2014,312,3
2444,9,2014,313,5
2445,9,2014,316,2
2446,9,2014,317,2
2447,9,2014,401,3
2448,9,2014,402,2
2449,9,2014,403,4
2450,9,2014,404,1
2451,9,2014,405,1
2452,9,2014,409,1
2453,9,2014,410,1
2454,9,2014,412,1
2455,9,2014,414,1
2456,9,2015,101,46
2457,9,2015,102,47
2458,9,2015,103,44
2459,9,2015,104,48
2460,9,2015,105,120
2461,9,2015,106,59
2462,9,2015,107,40
2463,9,2015,108,70
2464,9,2015,109,25
2465,9,2015,110,29
2466,9,2015,111,55
2467,9,2015,112,43
2468,9,2015,204,3
2469,9,2015,206,1
2470,9,2015,207,2
2471,9,2015,208,1
2472,9,2015,211,3
2473,9,2015,212,1
2474,9,2015,301,20
2475,9,2015,302,21
2476,9,2015,303,7
2477,9,2015,304,2
2478,9,2015,305,12
2479,9,2015,306,12
2480,9,2015,307,4
2481,9,2015,308,3
2482,9,2015,309,2
2483,9,2015,310,10
2484,9,2015,311,4
2485,9,2015,312,2
2486,9,2015,313,2
2487,9,2015,314,7
2488,9,2015,315,2
2489,9,2015,317,1
2490,9,2015,318,2
2491,9,2015,401,7
2492,9,2015,402,8
2493,9,2015,403,4
2494,9,2015,404,10
2495,9,2015,405,5
2496,9,2015,406,9
2497,9,2015,407,2
2498,9,2015,408,5
2499,9,2015,409,2
2500,9,2015,410,2
2501,9,2015,411,1
2502,9,2015,412,2
2503,9,2016,103,1
2504,10,2010,103,4
2505,10,2010,104,1
2506,10,2010,105,1
2507,10,2010,106,1
2508,10,2010,109,11
2509,10,2010,110,25
2510,10,2010,111,4
2511,10,2010,112,15
2512,10,2010,201,77
2513,10,2010,202,89
2514,10,2010,203,82
2515,10,2010,204,127
2516,10,2010,205,117
2517,10,2010,206,135
2518,10,2010,207,87
2519,10,2010,208,9
2520,10,2010,209,136
2521,10,2010,210,14
2522,10,2010,211,93
2523,10,2010,212,251
2524,10,2010,301,4
2525,10,2010,302,4
2526,10,2010,303,183
2527,10,2010,304,127
2528,10,2010,305,317
2529,10,2010,306,1
2530,10,2010,307,8
2531,10,2010,308,104
2532,10,2010,309,23
2533,10,2010,310,6
2534,10,2010,311,6
2535,10,2010,312,4
2536,10,2010,313,22
2537,10,2010,314,34
2538,10,2010,315,6
2539,10,2010,316,148
2540,10,2010,317,117
2541,10,2010,318,52
2542,10,2010,401,4
2543,10,2010,402,2
2544,10,2010,403,14
2545,10,2010,404,7
2546,10,2010,405,59
2547,10,2010,406,2
2548,10,2010,407,12
2549,10,2010,408,8
2550,10,2010,409,61
2551,10,2010,410,58
2552,10,2010,411,1
2553,10,2010,412,219
2554,10,2010,413,65
2555,10,2010,414,197
2556,10,2011,103,2
2557,10,2011,107,1
2558,10,2011,109,4
2559,10,2011,110,12
2560,10,2011,111,10
2561,10,2011,112,11
2562,10,2011,201,43
2563,10,2011,202,47
2564,10,2011,203,48
2565,10,2011,204,59
2566,10,2011,205,70
2567,10,2011,206,58
2568,10,2011,207,43
2569,10,2011,208,5
2570,10,2011,209,73
2571,10,2011,210,17
2572,10,2011,211,50
2573,10,2011,212,174
2574,10,2011,301,1
2575,10,2011,302,4
2576,10,2011,303,126
2577,10,2011,304,65
2578,10,2011,305,229
2579,10,2011,306,3
2580,10,2011,307,4
2581,10,2011,308,52
2582,10,2011,309,20
2583,10,2011,310,2
2584,10,2011,311,9
2585,10,2011,312,8
2586,10,2011,313,18
2587,10,2011,314,26
2588,10,2011,315,3
2589,10,2011,316,77
2590,10,2011,317,116
2591,10,2011,318,30
2592,10,2011,401,6
2593,10,2011,402,3
2594,10,2011,403,10
2595,10,2011,404,2
2596,10,2011,405,21
2597,10,2011,406,2
2598,10,2011,408,4
2599,10,2011,409,57
2600,10,2011,410,31
2601,10,2011,412,144
2602,10,2011,413,50
2603,10,2011,414,90
2604,10,2012,109,2
2605,10,2012,201,1
2606,10,2012,204,1
2607,10,2012,205,1
2608,10,2012,206,2
2609,10,2012,207,2
2610,10,2012,209,2
2611,10,2012,210,1
2612,10,2012,212,2
2613,10,2012,303,1
2614,10,2012,305,1
2615,10,2012,308,1
2616,10,2012,313,1
2617,10,2012,316,1
2618,10,2012,317,3
2619,10,2012,404,1
2620,10,2012,410,1
2621,10,2012,412,1
2622,10,2012,414,1
2623,10,2013,101,5
2624,10,2013,102,5
2625,10,2013,103,7
2626,10,2013,104,3
2627,10,2013,105,3
2628,10,2013,106,20
2629,10,2013,107,8
2630,10,2013,108,1
2631,10,2013,109,2
2632,10,2013,110,1
2633,10,2013,111,2
2634,10,2013,112,1
2635,10,2013,202,2
2636,10,2013,204,2
2637,10,2013,207,1
2638,10,2013,212,2
2639,10,2013,301,3
2640,10,2013,302,21
2641,10,2013,303,3
2642,10,2013,305,1
2643,10,2013,306,1
2644,10,2013,308,3
2645,10,2013,309,1
2646,10,2013,313,1
2647,10,2013,314,1
2648,10,2013,315,2
2649,10,2013,316,2
2650,10,2013,317,2
2651,10,2013,401,5
2652,10,2013,403,1
2653,10,2013,405,1
2654,10,2013,409,1
2655,10,2014,101,10
2656,10,2014,102,11
2657,10,2014,103,8
2658,10,2014,104,14
2659,10,2014,105,39
2660,10,2014,106,9
2661,10,2014,107,12
2662,10,2014,108,8
2663,10,2014,109,11
2664,10,2014,110,6
2665,10,2014,111,7
2666,10,2014,112,7
2667,10,2014,202,1
2668,10,2014,204,5
2669,10,2014,205,5
2670,10,2014,207,1
2671,10,2014,208,2
2672,10,2014,209,1
2673,10,2014,211,1
2674,10,2014,212,2
2675,10,2014,301,6
2676,10,2014,302,16
2677,10,2014,303,1
2678,10,2014,304,1
2679,10,2014,305,3
2680,10,2014,306,1
2681,10,2014,307,1
2682,10,2014,308,4
2683,10,2014,310,4
2684,10,2014,312,2
2685,10,2014,314,4
2686,10,2014,317,1
2687,10,2014,318,2
2688,10,2014,401,6
2689,10,2014,402,3
2690,10,2014,405,1
2691,10,2014,406,4
2692,10,2014,407,2
2693,10,2014,408,1
2694,10,2014,409,5
2695,10,2014,411,1
2696,10,2014,412,1
2697,10,2014,414,1
2698,10,2015,101,37
2699,10,2015,102,21
2700,10,2015,103,18
2701,10,2015,104,44
2702,10,2015,105,88
2703,10,2015,106,59
2704,10,2015,107,43
2705,10,2015,108,45
2706,10,2015,109,10
2707,10,2015,110,22
2708,10,2015,111,51
2709,10,2015,112,19
2710,10,2015,164,1
2711,10,2015,201,1
2712,10,2015,202,1
2713,10,2015,207,1
2714,10,2015,208,1
2715,10,2015,209,4
2716,10,2015,211,1
2717,10,2015,301,21
2718,10,2015,302,12
2719,10,2015,303,9
2720,10,2015,304,6
2721,10,2015,305,14
2722,10,2015,306,8
2723,10,2015,308,3
2724,10,2015,310,2
2725,10,2015,313,1
2726,10,2015,314,4
2727,10,2015,315,3
2728,10,2015,317,2
2729,10,2015,401,9
2730,10,2015,402,4
2731,10,2015,404,1
2732,10,2015,406,3
2733,10,2015,407,3
2734,10,2015,408,2
2735,10,2015,410,2
2736,10,2015,412,1
2737,10,2016,106,1
2738,10,2017,105,1
2739,11,2010,103,5
2740,11,2010,109,11
2741,11,2010,110,17
2742,11,2010,111,11
2743,11,2010,112,18
2744,11,2010,201,94
2745,11,2010,202,49
2746,11,2010,203,76
2747,11,2010,204,109
2748,11,2010,205,122
2749,11,2010,206,82
2750,11,2010,207,68
2751,11,2010,208,9
2752,11,2010,209,132
2753,11,2010,210,26
2754,11,2010,211,68
2755,11,2010,212,221
2756,11,2010,302,1
2757,11,2010,303,180
2758,11,2010,304,93
2759,11,2010,305,266
2760,11,2010,306,1
2761,11,2010,307,5
2762,11,2010,308,87
2763,11,2010,309,25
2764,11,2010,310,4
2765,11,2010,311,2
2766,11,2010,312,8
2767,11,2010,313,31
2768,11,2010,314,44
2769,11,2010,315,5
2770,11,2010,316,156
2771,11,2010,317,154
2772,11,2010,318,48
2773,11,2010,401,2
2774,11,2010,402,2
2775,11,2010,403,18
2776,11,2010,404,5
2777,11,2010,405,62
2778,11,2010,406,4
2779,11,2010,407,5
2780,11,2010,408,8
2781,11,2010,409,49
2782,11,2010,410,36
2783,11,2010,411,1
2784,11,2010,412,203
2785,11,2010,413,63
2786,11,2010,414,126
2787,11,2011,103,3
2788,11,2011,105,1
2789,11,2011,107,1
2790,11,2011,109,4
2791,11,2011,110,21
2792,11,2011,111,8
2793,11,2011,112,17
2794,11,2011,201,41
2795,11,2011,202,48
2796,11,2011,203,46
2797,11,2011,204,48
2798,11,2011,205,73
2799,11,2011,206,66
2800,11,2011,207,28
2801,11,2011,208,7
2802,11,2011,209,90
2803,11,2011,210,20
2804,11,2011,211,57
2805,11,2011,212,120
2806,11,2011,301,2
2807,11,2011,302,3
2808,11,2011,303,112
2809,11,2011,304,44
2810,11,2011,305,192
2811,11,2011,307,4
2812,11,2011,308,37
2813,11,2011,309,18
2814,11,2011,310,2
2815,11,2011,311,15
2816,11,2011,312,5
2817,11,2011,313,17
2818,11,2011,314,18
2819,11,2011,315,4
2820,11,2011,316,79
2821,11,2011,317,82
2822,11,2011,318,35
2823,11,2011,401,3
2824,11,2011,403,6
2825,11,2011,404,2
2826,11,2011,405,23
2827,11,2011,406,3
2828,11,2011,407,2
2829,11,2011,408,1
2830,11,2011,409,47
2831,11,2011,410,35
2832,11,2011,411,1
2833,11,2011,412,127
2834,11,2011,413,34
2835,11,2011,414,93
2836,11,2012,109,1
2837,11,2012,111,1
2838,11,2012,204,1
2839,11,2012,205,1
2840,11,2012,206,2
2841,11,2012,207,1
2842,11,2012,209,3
2843,11,2012,210,1
2844,11,2012,211,1
2845,11,2012,212,1
2846,11,2012,303,1
2847,11,2012,305,2
2848,11,2012,312,1
2849,11,2012,318,2
2850,11,2012,405,1
2851,11,2012,413,1
2852,11,2013,101,3
2853,11,2013,102,3
2854,11,2013,103,16
2855,11,2013,104,4
2856,11,2013,105,8
2857,11,2013,106,2
2858,11,2013,107,4
2859,11,2013,108,2
2860,11,2013,109,5
2861,11,2013,110,2
2862,11,2013,112,1
2863,11,2013,202,1
2864,11,2013,210,1
2865,11,2013,301,1
2866,11,2013,302,2
2867,11,2013,303,3
2868,11,2013,305,2
2869,11,2013,306,2
2870,11,2013,307,2
2871,11,2013,308,2
2872,11,2013,312,1
2873,11,2013,313,2
2874,11,2013,315,1
2875,11,2013,401,1
2876,11,2013,402,1
2877,11,2013,406,1
2878,11,2013,407,1
2879,11,2014,101,5
2880,11,2014,102,21
2881,11,2014,103,10
2882,11,2014,104,15
2883,11,2014,105,34
2884,11,2014,106,15
2885,11,2014,107,13
2886,11,2014,108,7
2887,11,2014,109,11
2888,11,2014,110,3
2889,11,2014,111,4
2890,11,2014,112,3
2891,11,2014,202,1
2892,11,2014,204,3
2893,11,2014,205,2
2894,11,2014,208,1
2895,11,2014,210,1
2896,11,2014,301,10
2897,11,2014,302,10
2898,11,2014,303,2
2899,11,2014,304,1
2900,11,2014,305,1
2901,11,2014,306,1
2902,11,2014,308,2
2903,11,2014,309,2
2904,11,2014,310,2
2905,11,2014,311,2
2906,11,2014,312,2
2907,11,2014,313,2
2908,11,2014,314,3
2909,11,2014,315,4
2910,11,2014,318,1
2911,11,2014,401,11
2912,11,2014,402,3
2913,11,2014,404,5
2914,11,2014,408,1
2915,11,2014,409,2
2916,11,2014,414,6
2917,11,2015,101,35
2918,11,2015,102,24
2919,11,2015,103,33
2920,11,2015,104,45
2921,11,2015,105,112
2922,11,2015,106,47
2923,11,2015,107,55
2924,11,2015,108,35
2925,11,2015,109,17
2926,11,2015,110,15
2927,11,2015,111,41
2928,11,2015,112,15
2929,11,2015,164,1
2930,11,2015,201,5
2931,11,2015,203,1
2932,11,2015,204,2
2933,11,2015,205,1
2934,11,2015,207,1
2935,11,2015,208,2
2936,11,2015,210,2
2937,11,2015,212,1
2938,11,2015,301,15
2939,11,2015,302,23
2940,11,2015,303,8
2941,11,2015,304,5
2942,11,2015,305,8
2943,11,2015,306,8
2944,11,2015,307,4
2945,11,2015,308,3
2946,11,2015,309,2
2947,11,2015,310,3
2948,11,2015,311,1
2949,11,2015,312,1
2950,11,2015,314,4
2951,11,2015,315,2
2952,11,2015,316,2
2953,11,2015,317,1
2954,11,2015,318,2
2955,11,2015,401,5
2956,11,2015,402,7
2957,11,2015,404,2
2958,11,2015,405,11
2959,11,2015,406,10
2960,11,2015,407,4
2961,11,2015,408,3
2962,11,2015,412,4
2963,11,2015,413,2
2964,11,2015,414,5
2965,11,2017,105,2
2966,12,2010,101,2
2967,12,2010,103,1
2968,12,2010,105,1
2969,12,2010,106,1
2970,12,2010,107,1
2971,12,2010,108,1
2972,12,2010,109,6
2973,12,2010,110,23
2974,12,2010,111,10
2975,12,2010,112,17
2976,12,2010,201,87
2977,12,2010,202,67
2978,12,2010,203,72
2979,12,2010,204,93
2980,12,2010,205,132
2981,12,2010,206,94
2982,12,2010,207,80
2983,12,2010,208,13
2984,12,2010,209,130
2985,12,2010,210,34
2986,12,2010,211,59
2987,12,2010,212,180
2988,12,2010,301,2
2989,12,2010,302,3
2990,12,2010,303,181
2991,12,2010,304,87
2992,12,2010,305,246
2993,12,2010,306,1
2994,12,2010,307,7
2995,12,2010,308,68
2996,12,2010,309,21
2997,12,2010,310,2
2998,12,2010,311,2
2999,12,2010,312,5
3000,12,2010,313,22
3001,12,2010,314,36
3002,12,2010,315,4
3003,12,2010,316,128
3004,12,2010,317,119
3005,12,2010,318,42
3006,12,2010,401,7
3007,12,2010,402,2
3008,12,2010,403,16
3009,12,2010,404,8
3010,12,2010,405,36
3011,12,2010,406,2
3012,12,2010,407,6
3013,12,2010,408,5
3014,12,2010,409,51
3015,12,2010,410,31
3016,12,2010,412,171
3017,12,2010,413,59
3018,12,2010,414,141
3019,12,2011,101,1
3020,12,2011,104,1
3021,12,2011,106,1
3022,12,2011,107,2
3023,12,2011,109,3
3024,12,2011,110,12
3025,12,2011,111,6
3026,12,2011,112,14
3027,12,2011,201,29
3028,12,2011,202,31
3029,12,2011,203,44
3030,12,2011,204,41
3031,12,2011,205,76
3032,12,2011,206,56
3033,12,2011,207,43
3034,12,2011,208,6
3035,12,2011,209,70
3036,12,2011,210,15
3037,12,2011,211,40
3038,12,2011,212,121
3039,12,2011,301,1
3040,12,2011,302,4
3041,12,2011,303,100
3042,12,2011,304,52
3043,12,2011,305,162
3044,12,2011,306,2
3045,12,2011,307,3
3046,12,2011,308,36
3047,12,2011,309,28
3048,12,2011,310,1
3049,12,2011,311,10
3050,12,2011,312,7
3051,12,2011,313,20
3052,12,2011,314,26
3053,12,2011,315,2
3054,12,2011,316,77
3055,12,2011,317,65
3056,12,2011,318,24
3057,12,2011,401,3
3058,12,2011,403,7
3059,12,2011,404,3
3060,12,2011,405,26
3061,12,2011,407,1
3062,12,2011,408,1
3063,12,2011,409,41
3064,12,2011,410,40
3065,12,2011,412,139
3066,12,2011,413,26
3067,12,2011,414,93
3068,12,2012,109,2
3069,12,2012,202,1
3070,12,2012,203,1
3071,12,2012,204,2
3072,12,2012,209,2
3073,12,2012,212,1
3074,12,2012,303,6
3075,12,2012,304,4
3076,12,2012,305,2
3077,12,2012,306,1
3078,12,2012,314,1
3079,12,2012,316,1
3080,12,2012,412,2
3081,12,2012,413,1
3082,12,2012,414,1
3083,12,2013,101,5
3084,12,2013,102,2
3085,12,2013,103,2
3086,12,2013,104,1
3087,12,2013,105,3
3088,12,2013,106,3
3089,12,2013,107,10
3090,12,2013,108,3
3091,12,2013,109,2
3092,12,2013,110,2
3093,12,2013,111,1
3094,12,2013,206,1
3095,12,2013,211,1
3096,12,2013,302,2
3097,12,2013,303,1
3098,12,2013,306,4
3099,12,2013,307,1
3100,12,2013,308,3
3101,12,2013,313,1
3102,12,2013,315,2
3103,12,2014,101,6
3104,12,2014,102,17
3105,12,2014,103,7
3106,12,2014,104,10
3107,12,2014,105,20
3108,12,2014,106,8
3109,12,2014,107,8
3110,12,2014,108,6
3111,12,2014,109,2
3112,12,2014,110,2
3113,12,2014,111,5
3114,12,2014,112,6
3115,12,2014,202,1
3116,12,2014,205,1
3117,12,2014,206,1
3118,12,2014,210,1
3119,12,2014,211,1
3120,12,2014,212,2
3121,12,2014,301,2
3122,12,2014,302,13
3123,12,2014,303,3
3124,12,2014,304,2
3125,12,2014,305,2
3126,12,2014,306,2
3127,12,2014,307,1
3128,12,2014,309,3
3129,12,2014,310,2
3130,12,2014,312,1
3131,12,2014,314,3
3132,12,2014,315,1
3133,12,2014,316,1
3134,12,2014,317,2
3135,12,2014,318,4
3136,12,2014,401,6
3137,12,2014,403,5
3138,12,2014,405,1
3139,12,2014,406,3
3140,12,2014,407,6
3141,12,2014,408,1
3142,12,2014,412,1
3143,12,2015,101,87
3144,12,2015,102,141
3145,12,2015,103,103
3146,12,2015,104,89
3147,12,2015,105,187
3148,12,2015,106,46
3149,12,2015,107,55
3150,12,2015,108,57
3151,12,2015,109,10
3152,12,2015,110,19
3153,12,2015,111,16
3154,12,2015,112,7
3155,12,2015,201,1
3156,12,2015,202,2
3157,12,2015,203,1
3158,12,2015,204,1
3159,12,2015,205,2
3160,12,2015,208,8
3161,12,2015,211,2
3162,12,2015,212,1
3163,12,2015,301,14
3164,12,2015,302,23
3165,12,2015,303,11
3166,12,2015,304,2
3167,12,2015,305,13
3168,12,2015,306,16
3169,12,2015,307,11
3170,12,2015,308,10
3171,12,2015,309,4
3172,12,2015,310,6
3173,12,2015,312,3
3174,12,2015,313,2
3175,12,2015,314,10
3176,12,2015,317,1
3177,12,2015,318,1
3178,12,2015,401,17
3179,12,2015,402,1
3180,12,2015,403,1
3181,12,2015,404,8
3182,12,2015,405,8
3183,12,2015,406,8
3184,12,2015,407,3
3185,12,2015,408,2
3186,12,2015,409,2
3187,12,2015,410,6
3188,12,2015,411,1
3189,12,2015,412,2
3190,12,2015,413,1
3191,12,2015,414,5
3192,12,2016,106,1
